"staff","prg"
"Mrs. Skyler Sawayn MD","dbt"
"Telly Mitchell","mhsd"
"Watson O'Conner","sotrt"
"Ruthie Wolff","resol"
"Efrain Koch DDS","dbt"
"Miss. Kristan Flatley","rdap"
"Hollis Murazik m.d.","challenge"
"Dr Jacey Schmidt","brave"
"Mrs. Caron O'Keefe MD","dbt"
"Helen Effertz","rdap"
"Mr Colter Prosacco","dbt"
"Frida Waelchi","brave"
"Ms. Mari Kling","sotrt"
"Asher Hansen-Heidenreich","sotrt"
"Lovina Marks","stages"
"Lakisha Lynch-Gottlieb","resolve"
"Shepherd Olson","stages"
"Katharyn Goodwin","dbt"
"Philomena Parker Ph.D.","challenge"
"Mae Schuster","mhsd"
"Ancil Blanda","sotrt"
"Coleton Hackett","bcs"
"Bernadette Pfeffer Ph.D.","challenge"
"Tilla Kris","dbt"
"Sybilla Hilpert","resolve"
"Florencio Altenwerth-Ondricka","mhsd"
"Mr. Benji Prohaska DVM","sotrt"
"Carolynn Rippin","dbt"
"Lonnie Stoltenberg","stages"
"Ashton Konopelski","stages"
"Chaya White","stages"
"Lott Terry","stages"
"Miss. Madonna Hegmann m.d.","sotrt"
"Davonte Harber","challenge"
"Dr. Eugene Harris","mhsd"
"Garnet Buckridge","stages"
"Macarthur Boyer","rdap"
"Dr Coretta Kuhic","stg"
"Chelsie Haag","sotrt"
"Howell Mraz","mhsd"
"Chasity Collier m.d.","sotrt"
"Ms. Shania Emard","dbt"
"Kole Walter-Stokes","dbt"
"Mr Everet Luettgen PhD","stg"
"Archibald D'Amore DVM","sotrt"
"Ms Mertie Lind MD","resol"
"Izayah Farrell MD","stg"
"Rogers Mraz Jr","dbt"
"Angeles Hettinger-Bailey","rdap"
"Ms Ardelia Donnelly","sotrt"
"Antone Bartoletti","stg"
"Ms. Carlene Wilderman","stages"
"Ms. Nya Wehner","am"
"Cherelle VonRueden-Berge","sotrt"
"Mrs. Treena Zulauf","stages"
"Eliga Reilly","mhsd"
"Jaydon Jast","bcs"
"Eda Paucek","bcs"
"Glennie Parker-Schuster","resolve"
"Leslie Wuckert Jr","resolve"
"Margarite Ziemann","stages"
"Harrold Bednar","dbt"
"Sylva Jaskolski-Brown","stages"
"Ms Antoinette Rutherford d.d.s.","dbt"
"Alease VonRueden","dbt"
"Bunk Durgan-Zemlak","brv"
"Seth Stracke","bcs"
"Mr. Marvin Murray Sr","stg"
"Joyce Kihn","dbt"
"Mr Infant Auer","resolve"
"Gee Rau MD","rdap"
"Roll Dach","resol"
"Dr Casey Boehm m.d.","brv"
"Ms. Ruthie Olson DDS","stg"
"Dr. Rosendo Boyle","brave"
"Jensen Hane-Macejkovic","am"
"Dr. Russel Christiansen MD","stg"
"Jonnie Reichert","sotrt"
"Hal Nienow","mhsd"
"Zechariah Kris-Greenholt","sotrt"
"Gerrit Hintz","resol"
"Amya Hayes-Padberg","am"
"Maliyah Parisian","stg"
"Montie Wyman","am"
